tension,geojson
13.2,"-64.7955060627189,-23.942722899362"
33.0,"-64.7946849890082, -23.9423562641201"
13.2,"-64.8042163355115, -23.9439410573644"
13.2,"-64.8039189921682, -23.945969836513"
13.2,"-64.8049595075263, -23.9461164291147"
13.2,"-64.8007338540248, -23.9455304618013"
13.2,"-64.8007312482684, -23.9455304522859"
13.2,"-64.8049597955316, -23.9461379436804"
13.2,"-64.7868300327252, -23.8208868242856"
33.0,"-64.7951097310754, -23.9423746174146"
